column,slope,intercept,MSE,R2
axis1,6.178943530937331e-07,1.5693814664141557,1.0109640137764826,0.00017570155824031541
axis2,3.551418352956785e-06,5.764599965850797,12.443915337661286,0.00047141241077874874
axis3,2.4119176187357636e-06,4.284809350648094,7.314935115205477,0.00036992437290406244
axis4,-2.8193254880612948e-08,1.21553050522912,0.5723156279405358,6.462695882891722e-07
axis5,-1.695223923075199e-06,1.7594120128148008,1.0792503190265748,0.0012375231940021658
axis6,5.362347476036634e-07,1.3103756774194175,0.6594395009536987,0.00020286447683237618
axis7,2.9980557733540803e-07,1.6703808316025477,1.054017856170469,3.9680157239097014e-05
axis8,-1.9612760359190518e-07,0.2959367997300343,0.03156088035871033,0.000566814916541647
